monthid,cusip,noOfMAActivity
47,629430,8
47,838518,1
49,191216,1
63,501044,1
65,115637,1
68,646025,2
72,22542Z,1
72,90449I,1
73,527288,9
74,302491,5
74,36239V,1
74,46145M,1
74,485170,1
74,693912,1
74,90449I,1
76,478160,2
76,81572I,2
77,361448,4
78,680665,2
78,913903,2
79,142339,1
79,501044,3
79,571748,1
79,918204,2
80,099467,1
80,674599,2
81,370334,2
81,883556,1
81,889478,1
82,46145M,7
83,165339,1
83,382550,3
83,415864,1
83,419596,1
83,46145M,1
83,775133,1
83,814823,5
83,929160,2
84,002440,2
84,191216,2
84,268039,13
84,674599,1
84,814823,1
86,459200,2
87,359590,2
87,42550N,3
87,433578,2
87,46145M,3
87,678492,2
88,152342,2
88,487836,3
88,532457,3
89,191216,2
89,860630,1
90,458140,1
90,46145M,1
90,50121Q,5
90,75280Q,1
91,191216,3
91,257651,2
91,303711,2
91,384109,3
91,46145M,1
91,674599,2
92,05217Q,1
92,209291,7
92,46145M,10
92,49121L,22
93,194162,2
93,651639,2
93,693506,2
94,125896,2
94,126501,2
94,127055,1
94,127190,2
94,134429,1
94,149123,1
94,200340,1
94,229669,2
94,257867,1
94,260003,1
94,278865,1
94,303711,1
94,313855,1
94,315405,1
94,384802,2
94,459200,2
94,460690,2
94,46145M,1
94,466032,1
94,489170,1
94,494368,1
94,505336,3
94,524660,1
94,526057,1
94,548661,1
94,552676,1
94,553777,1
94,571748,3
94,574599,1
94,591520,1
94,617446,1
94,620076,1
94,637215,1
94,654106,1
94,666807,1
94,713448,3
94,724479,1
94,742718,1
94,749607,1
94,770323,1
94,775133,3
94,784117,48
94,816300,1
94,831865,2
94,844741,1
94,854231,1
94,879369,1
94,880345,1
94,883556,2
94,889478,1
94,920253,1
94,942622,1
94,942749,1
94,969457,1
94,978097,2
95,201723,1
95,248019,1
95,320867,1
95,345370,2
95,369604,1
95,406216,1
95,46145M,1
95,488152,1
95,655844,2
95,754730,1
96,303711,1
96,353514,1
96,460690,2
96,806857,1
96,902494,1
96,950755,2
97,247361,2
97,370334,2
97,650111,3
98,06532Q,3
98,115637,2
99,00715Q,2
99,46145M,6
99,579780,3
100,40623Q,2
100,46145I,1
100,485170,1
100,90449I,1
100,978097,1
101,117043,2
101,363576,2
101,46145M,2
101,497266,3
101,81572I,3
102,461449,1
102,478160,2
102,655663,1
102,743315,2
102,987425,3
103,46145Z,3
103,761522,2
103,780287,1
103,854231,2
103,90449I,2
104,361428,2
104,778296,3
104,833034,1
104,844741,2
105,126408,3
105,237415,3
105,459200,2
105,50025Q,5
105,501044,6
105,754730,1
105,806857,2
106,04231F,6
106,126408,2
106,14310Q,15
106,229669,3
106,37462Q,1
106,46145M,1
106,50025Q,2
106,770323,2
106,90449I,3
107,127055,3
107,235851,1
107,29216Q,2
107,50025Q,1
107,665859,2
107,81572I,2
108,233829,1
108,278265,2
108,369622,3
108,41133F,5
108,497266,2
108,579780,2
108,717081,5
108,808513,3
108,831865,3
108,865610,1
109,125896,1
109,171340,1
109,29216Q,6
109,303711,2
109,460690,3
109,46145M,1
109,571748,1
109,655663,1
109,693506,2
109,806857,1
109,904677,2
110,28473Q,1
110,29216Q,2
110,46145M,2
110,754212,2
110,770323,2
110,778296,3
110,783549,2
110,880345,1
110,883556,2
110,90449I,1
111,084670,2
111,29216Q,3
111,345370,2
111,461449,2
111,46145M,8
111,548661,1
111,784635,4
112,117043,1
112,127055,1
112,12776Q,1
112,216648,7
112,219327,1
112,29216Q,4
112,46145I,1
112,487836,1
112,693718,1
112,81211K,2
112,81572I,18
112,854231,1
112,907818,4
113,066545,7
113,29216Q,3
113,41384R,6
113,46145M,1
113,680665,1
113,784117,3
113,81949M,4
113,90449I,1
113,919794,1
114,144285,2
114,194162,1
114,200525,1
114,29216Q,3
114,42339V,1
114,461449,1
114,46145I,2
114,46145M,4
114,46621Q,1
114,81572I,1
114,865621,1
114,883203,1
114,90449I,2
115,00724F,2
115,231021,1
115,247361,3
115,29216Q,4
115,363576,1
115,456140,10
115,460146,1
115,46145M,3
115,535555,1
115,693475,1
115,81572I,2
115,871004,2
115,894650,2
115,918204,3
115,934436,2
116,260003,2
116,29216Q,1
116,446150,2
116,546347,1
116,860630,1
116,95810M,1
117,00724F,1
117,189054,1
117,46145I,1
117,579780,1
117,594918,2
117,606848,3
117,72424N,3
117,816300,2
117,885160,1
118,125896,2
118,191216,4
118,29216Q,1
118,315405,1
118,406216,1
118,459200,2
118,46145M,19
118,546347,1
118,655844,3
118,81572I,2
118,829292,2
118,84156Q,2
118,918204,1
119,201723,1
119,359694,2
119,369604,9
119,426281,1
119,461449,1
119,46145M,3
119,465640,1
119,553777,1
119,844741,2
119,887389,2
119,958102,1
119,97809Q,1
120,14310Q,6
120,278865,2
120,360271,2
120,369550,2
120,42550Z,1
120,46145M,1
120,650111,2
120,680033,1
120,691497,1
120,695114,12
120,770323,1
120,883556,3
120,978097,2
121,216648,1
121,29216Q,5
121,461449,3
121,46145M,2
121,574599,1
121,617446,2
121,62917T,1
121,688239,2
121,693475,2
121,82707Q,4
121,913456,2
122,04344F,1
122,126501,1
122,29216Q,2
122,418056,1
122,485170,1
122,883556,2
122,894650,3
122,981811,2
123,007903,5
123,192479,1
123,38141Q,1
123,826681,2
123,90449I,2
124,04460Q,1
124,08556C,1
124,219327,2
124,246136,1
124,29216V,1
124,427866,2
124,46145M,10
124,487836,1
124,532457,1
124,651192,6
124,817565,1
124,854231,2
124,883203,3
125,156782,1
125,29216Q,1
125,46145M,4
125,57059B,1
125,577081,2
125,615394,2
125,865617,1
126,019037,2
126,23380I,4
126,461449,3
126,46145M,3
126,540424,1
126,594918,4
126,606827,2
126,808513,3
127,216648,1
127,29216Q,2
127,345370,4
127,360271,1
127,363576,1
127,37732T,1
127,445658,2
127,46145M,3
127,483548,1
127,501173,2
127,691497,1
127,844741,1
127,880370,2
128,235851,1
128,257867,1
128,372460,1
128,418056,3
128,419596,1
128,44439Q,1
128,458140,15
128,46145I,1
128,46145M,13
128,488152,2
128,534187,1
128,579780,2
128,589433,1
128,655844,2
128,701094,2
128,754730,3
128,808513,2
128,835495,1
128,88554E,1
128,95082N,1
128,962166,3
129,031162,1
129,115637,2
129,127055,1
129,147528,2
129,257870,1
129,278265,1
129,377327,1
129,384109,2
129,412822,1
129,460690,2
129,548661,2
129,770323,1
129,91191T,1
129,913903,2
129,920253,1
129,950755,1
130,115637,1
130,125896,1
130,126600,1
130,127055,9
130,142339,1
130,171268,1
130,171340,1
130,200525,1
130,201723,1
130,257651,2
130,445658,1
130,46145M,14
130,497266,1
130,665859,3
130,680033,1
130,894650,2
130,928298,1
131,127190,1
131,127387,10
131,267475,2
131,29216Q,3
131,412822,1
131,46145M,5
131,553777,2
131,703343,1
131,742718,1
131,87161C,1
131,904677,3
131,904708,1
131,909907,1
131,947890,1
132,191098,1
132,254687,1
132,359694,1
132,446150,3
132,574599,1
132,754730,1
132,808513,3
132,82455L,1
132,858586,1
132,883203,1
132,913456,1
133,171340,1
133,302520,1
133,48822Q,3
133,600544,9
133,628464,1
133,717081,1
133,865613,1
133,883556,3
134,134429,3
134,316773,2
134,320209,2
134,446150,2
134,860630,1
134,891092,5
135,278865,1
135,29216Q,1
135,46145M,4
135,68146Q,1
135,69006K,1
136,219350,1
136,46145M,3
136,60081H,1
136,624756,1
137,02451E,2
137,29216Q,6
137,46145M,5
137,552953,1
137,577081,2
137,589433,1
137,81572I,1
138,46145M,2
138,82822X,1
139,43520H,1
139,46145M,3
139,743315,2
139,882508,2
139,968223,1
141,134429,2
141,144285,1
141,29216Q,1
141,46145M,3
141,595112,1
141,615394,1
141,775133,1
142,115637,1
142,29216Q,1
142,46145M,3
142,548661,3
142,550819,1
142,579780,2
142,74819X,2
142,784117,3
142,86334Q,1
143,231561,2
143,29216Q,1
143,30214U,1
143,320867,3
143,571748,1
143,589433,3
143,90449I,1
144,229669,2
144,36322A,1
144,487836,2
144,591520,1
144,680033,1
144,82931H,1
144,911312,1
145,10456P,1
145,415864,1
145,46145I,2
145,46145M,2
145,883556,2
145,SD2327,1
146,177835,1
146,29216Q,1
146,370334,2
146,461449,1
146,483548,1
146,84156Q,1
147,122565,8
147,127190,3
147,29246A,4
147,46145I,1
147,46145M,1
147,478160,1
147,51941R,1
147,540424,1
147,754730,2
148,101137,1
148,13117R,1
148,192422,1
148,320209,1
148,461203,1
148,46145M,4
148,576853,2
148,81572I,2
149,101137,1
149,127387,3
149,303711,2
149,320209,1
149,81572I,2
149,871829,4
149,929160,1
150,216648,2
150,369550,5
150,421906,1
150,46145M,7
150,466032,1
150,655663,1
150,691497,1
150,983919,1
151,018490,2
151,084670,3
151,118440,2
151,127387,2
151,191216,3
151,205887,1
151,363576,2
151,460690,1
151,46145M,3
151,743315,2
152,115637,1
152,260003,1
152,369550,1
152,46145M,2
152,553777,1
152,588056,2
152,717081,2
152,858586,2
152,913903,2
153,00724F,1
153,200340,1
153,22056Q,1
153,31301H,2
153,459506,1
153,46145M,1
153,784117,1
154,131193,1
154,313855,2
154,315405,1
154,384802,2
154,44930G,1
154,46145M,1
154,466032,1
154,808513,2
154,88811V,1
155,294429,2
155,46145I,1
155,580135,3
155,730444,5
155,883556,1
155,902104,1
155,902494,1
156,46145M,2
156,487836,2
156,53674R,2
156,680033,1
156,747316,1
156,754730,2
156,816850,1
156,913456,1
157,29216Q,1
157,294429,1
157,371532,3
157,588056,1
157,80005Y,1
158,127097,1
158,384109,1
158,418056,1
158,505336,1
158,559424,1
158,57772K,1
158,589433,2
158,603158,2
158,617446,1
158,717081,2
158,778296,2
158,810186,2
158,904708,2
159,784117,1
169,00724F,1
182,761624,9
203,398433,5
214,46145M,3
214,860630,11
215,74172L,1
216,46145M,1
217,39536X,1
220,254687,1
221,537008,1
222,316773,2
223,105368,2
224,553530,2
224,930059,2
228,163072,9
229,949746,24
231,671044,3
233,260003,1
234,037833,1
236,126349,7
239,142339,6
239,83545G,15
241,201723,2
241,552690,1
242,03662Q,11
242,149205,6
242,45765U,1
242,505336,6
242,871607,3
242,90328M,2
243,38141G,13
243,532457,1
243,723787,1
244,406216,1
244,574599,1
244,81211K,1
245,201723,2
245,216831,2
245,278865,1
245,30331W,4
245,314211,2
245,34961L,4
245,446150,2
245,577933,3
245,670346,1
245,724479,1
245,75281A,1
245,758932,1
245,911363,2
245,919794,2
246,09529L,1
246,38141Q,1
246,42722X,2
246,43291K,1
246,536797,1
246,566330,1
246,59156R,3
246,617446,1
246,81949M,2
246,962166,1
246,983919,2
247,00465L,1
247,03662Q,3
247,201723,2
247,253922,2
247,29364G,2
247,302571,5
247,410120,1
247,438516,2
247,58155Q,2
247,760759,1
247,871607,2
247,925524,1
247,929740,1
248,127190,1
248,30231G,2
248,758750,1
248,879433,1
248,890110,1
248,904708,1
248,928298,1
248,957090,2
249,127055,3
249,345370,1
249,43291K,1
249,45765U,1
249,554489,2
249,59001A,1
249,650111,2
249,680033,1
249,886547,1
249,898402,1
249,98156Q,1
250,22539N,1
250,320209,2
250,33763V,9
250,369604,23
250,459200,1
250,46145M,3
250,81949M,2
250,978097,2
251,002451,1
251,06652V,2
251,201723,2
251,534187,1
251,713448,2
251,81211K,1
251,81949M,2
251,880770,1
251,887389,1
251,925815,1
251,983919,1
252,192422,1
252,443510,2
252,482480,1
253,225447,7
253,248019,1
253,257651,1
253,30231G,2
253,369622,2
253,691497,1
253,816850,4
253,91307C,1
253,92552R,1
254,11039Q,4
254,14067E,2
254,14728H,1
254,410495,1
254,48020Q,1
254,649445,1
254,81949M,5
255,233331,1
255,27579R,1
255,315405,1
255,422819,1
255,42339V,2
255,59156R,1
255,69318J,1
256,126600,2
256,149150,1
256,172755,1
256,431284,1
256,650111,1
256,741511,1
256,81725T,2
256,878155,3
256,882508,1
257,177376,1
257,22539N,1
257,297178,1
257,401617,1
257,461202,2
257,57767X,1
257,67018T,1
257,695156,1
257,790148,5
257,83545G,2
257,90449I,1
257,911312,1
257,92839U,1
257,931142,3
258,25179M,2
258,267475,1
258,526057,1
258,55261F,1
258,654902,2
258,717081,2
258,81949M,3
259,00738A,1
259,871607,1
259,957090,1
260,020039,4
260,109641,1
260,127387,1
260,131193,1
260,17785L,2
260,189054,2
260,200340,1
260,320867,1
260,43291K,1
260,727493,1
260,883203,1
260,919794,1
260,92220P,1
261,00971T,1
261,101121,1
261,101388,1
261,14149Y,3
261,17275R,20
261,253922,2
261,285512,1
261,302130,2
261,422347,1
261,426281,8
261,502175,3
261,562750,1
261,57772K,1
261,589378,1
261,617446,1
261,64115T,3
261,682680,1
261,759351,1
261,806037,1
261,808513,1
261,855244,1
261,871829,1
261,891092,1
261,90337L,4
261,947890,1
262,06652V,2
262,172967,2
262,26967P,1
262,346563,13
262,370334,2
262,459200,2
262,48203R,1
262,580135,1
263,291011,1
263,297602,1
263,30331W,2
263,55261F,1
263,693070,9
263,74251V,1
263,88162G,1
264,22160K,1
264,680033,1
265,30231G,2
265,36889W,1
265,40047B,1
265,459044,4
265,590188,1
265,59156R,1
265,631103,2
266,101388,2
266,446150,1
266,478160,2
266,59156R,1
266,650111,2
266,74251V,1
266,81572I,5
266,81949M,3
266,909907,2
266,911312,1
266,91324P,1
266,94106L,1
266,98389B,11
267,197236,1
267,23918K,6
267,40291W,2
267,59562V,2
267,883556,2
268,450440,1
268,459200,1
268,852857,1
269,04032P,1
269,23918K,6
269,410495,1
269,682680,2
269,790148,1
269,98156Q,1
270,35846Q,1
270,42722X,2
270,487836,1
270,717081,3
270,761152,1
270,855244,17
270,90128F,1
270,941848,1
271,101388,1
271,14019R,1
271,29476L,1
271,303075,1
271,303250,2
271,349853,1
271,437076,1
271,48666K,1
271,628778,1
271,713448,2
271,81572I,11
271,872540,1
271,88033G,1
272,06652V,1
272,133131,1
272,14149Y,2
272,221006,1
272,248019,1
272,35089T,1
272,354613,16
272,366651,1
272,398905,2
272,534187,1
272,59001A,1
272,591520,4
272,595017,7
272,74251V,2
272,784635,1
272,81572I,1
272,871237,1
272,904214,5
272,931142,1
273,502175,3
273,675232,1
273,693718,1
273,743312,1
273,784117,1
274,06423A,2
274,370334,1
274,371901,8
274,384802,1
274,426281,5
274,440452,1
274,459506,1
274,50540R,1
274,539830,1
274,589378,1
274,745867,9
274,750917,1
274,76009N,1
274,760759,1
274,770323,1
274,78546W,2
274,989701,1
275,103304,1
275,62944T,1
275,690732,1
275,700658,1
275,724479,1
275,74251V,1
275,81949M,2
275,828806,9
275,988498,1
276,343498,4
276,427866,1
276,487836,1
276,53220K,1
276,57767X,1
276,871607,1
276,88033G,1
277,14149Y,1
277,203668,1
277,30231G,2
277,46145M,11
277,682680,2
277,784635,1
277,981419,1
278,02209S,2
278,115637,3
278,902494,4
279,22542Z,2
279,316773,1
279,384109,1
279,42722X,2
279,552676,1
279,66987V,1
279,693282,1
279,808513,1
279,889478,2
280,156782,1
280,22762J,2
280,314211,1
280,466032,2
280,58463V,1
280,620071,1
280,731068,6
280,76009N,5
280,902252,1
280,989701,1
281,05329W,1
281,177376,1
281,253798,1
281,253922,1
281,422819,1
281,437076,1
281,515098,1
281,524908,1
281,68272K,2
281,74251V,1
281,74834L,1
281,909907,1
281,941848,1
282,203607,1
282,81572I,1
282,83559R,2
282,84470P,1
282,98156Q,1
283,03820C,1
283,149205,2
283,189054,1
283,23331A,1
283,265903,7
283,366651,1
283,52403E,1
283,577081,1
283,620071,1
283,83311X,2
283,871508,1
283,91324P,2
283,947890,1
284,09247X,1
284,14149Y,1
284,248019,1
284,30214U,1
284,459044,1
284,461202,1
284,562750,22
284,62944T,1
284,666807,1
284,682680,1
284,758932,1
284,784635,1
285,360271,1
285,443510,1
285,458140,1
285,860630,1
286,278265,1
286,278865,1
286,294268,1
286,46145M,1
286,533900,2
286,58155Q,2
286,67018T,2
286,749660,1
286,81572I,1
286,824348,1
286,974637,1
286,989701,1
287,303250,1
287,41043F,1
287,552953,1
287,784117,1
287,84470P,1
287,88579Y,1
287,886547,1
287,92220P,1
287,988498,1
288,165167,2
288,20030N,2
288,205887,5
288,22542Z,2
288,437076,1
288,487836,1
288,50540R,1
288,515098,1
288,548661,1
288,574599,1
288,62944T,1
288,65003Q,2
288,717081,2
288,83545G,1
288,902973,2
288,978097,1
289,09247X,1
289,30231G,2
289,303075,1
289,600544,1
289,844741,1
289,931142,2
290,14149Y,1
290,156700,1
290,20030N,4
290,384109,1
290,437076,1
290,48020Q,1
290,589433,1
290,698813,1
290,714290,2
290,790148,1
290,816850,2
290,81949M,4
291,12600Q,1
291,166764,1
291,303075,1
291,35671D,2
291,371901,1
291,42722X,1
291,45840Q,2
291,57772K,1
291,81572I,1
291,891092,1
292,00738A,1
292,198516,7
292,222795,1
292,253798,1
292,446150,3
292,452308,1
292,577128,1
292,784117,1
292,88830M,1
293,127055,1
293,225447,1
293,253922,1
293,37637Q,1
293,437076,1
293,461202,1
293,615369,1
293,62944T,1
293,698813,1
293,74251V,1
293,754730,8
293,81572I,1
293,828730,1
293,828806,1
293,872540,1
293,958102,6
293,981419,1
294,255371,1
294,316773,1
294,360271,1
294,366651,4
294,46145M,1
294,494368,1
294,589889,1
294,641069,2
294,703481,1
294,806407,13
294,81572I,1
294,974637,1
294,989701,1
295,06771T,1
295,26969P,3
295,303250,1
295,319829,1
295,427866,1
295,48203R,1
295,552953,1
295,594918,2
295,594972,1
295,71691W,1
295,883556,2
295,890110,1
296,04621X,2
296,128030,1
296,29364G,1
296,46145M,1
296,513847,1
296,537008,1
296,655664,2
296,67066G,8
296,817565,17
296,81949M,3
296,832696,8
297,168615,1
297,237194,1
297,25179M,1
297,501044,1
297,76009N,1
297,784117,1
297,882508,11
297,891092,1
297,931142,2
297,957090,1
297,G0683Q,1
297,G3223R,5
298,101137,1
298,143658,2
298,189054,2
298,22542Z,3
298,285512,2
298,364760,2
298,416515,1
298,422819,2
298,459200,3
298,512807,1
298,59156R,1
298,666807,1
298,717081,2
298,775133,1
298,858119,1
298,94106L,7
298,941848,1
298,978097,1
299,294268,3
299,297602,1
299,337738,1
299,404251,1
299,48020Q,1
299,521865,1
299,880345,1
299,88579Y,1
299,90328M,15
299,91324P,1
299,92220P,1
300,244199,1
300,257867,2
300,278865,1
300,30161N,5
300,369604,1
300,445658,1
300,487836,1
300,55261F,1
300,596278,1
300,629377,1
300,62944T,1
300,680033,1
300,783859,1
300,808513,2
300,871607,1
300,87868R,1
300,902973,1
300,911163,1
300,99358W,1
301,233331,1
301,30231G,2
301,316773,1
301,516012,1
301,548661,1
301,589433,1
301,682680,2
301,723787,1
301,742718,1
301,74386T,1
301,744320,3
301,882508,2
301,988498,1
302,00738A,1
302,156700,1
302,177376,1
302,20825C,3
302,303250,1
302,364760,2
302,437076,2
302,443320,1
302,655664,2
302,67018T,7
302,678026,1
302,693475,1
302,784117,2
302,81949M,4
302,87974C,1
303,118440,1
303,45765U,1
303,574599,1
303,74251V,1
303,747525,1
303,886547,1
303,91324P,1
304,00724F,1
304,117043,1
304,172967,1
304,235851,1
304,354613,1
304,427866,1
304,515098,1
304,59100U,1
304,760759,1
304,775711,1
304,808513,1
304,81949M,2
304,87157D,10
304,90328M,2
304,983919,2
305,03748R,3
305,09227Q,1
305,117043,1
305,156700,2
305,172908,2
305,201723,1
305,302941,2
305,320867,1
305,345370,2
305,418056,10
305,461202,1
305,50540R,1
305,518439,1
305,537008,1
305,57772K,1
305,620076,2
305,640491,1
305,758932,1
305,828806,1
305,90328M,2
305,981419,1
305,988498,2
306,14149Y,1
306,177835,1
306,22542Z,5
306,255371,1
306,303075,14
306,52409C,2
306,61207V,9
306,717081,8
306,74838J,5
306,91324P,1
306,913903,1
306,981811,6
307,200340,1
307,364760,1
307,594972,1
307,62944T,1
307,808513,1
307,879369,1
307,912909,1
308,00751Y,1
308,00846U,3
308,172062,3
308,25179M,1
308,33616W,2
308,443320,1
308,512807,1
308,546347,1
308,571903,1
308,58155Q,1
308,629377,2
308,655663,1
308,723787,1
308,76009N,1
308,76103X,1
308,770323,1
308,79368H,1
308,957090,1
309,192479,1
309,22542Z,2
309,231021,1
309,267475,3
309,268744,1
309,38141G,1
309,422819,2
309,466367,1
309,494368,1
309,526107,1
309,539830,1
309,724479,1
309,773903,1
309,91324P,1
309,929566,1
310,00508Y,8
310,278265,1
310,30226D,1
310,302508,2
310,35471R,1
310,446150,1
310,615369,1
310,666807,1
310,68285K,2
310,739276,1
310,7591EP,1
310,775133,1
310,783549,1
310,81572I,1
310,81949M,3
310,872540,1
310,88023U,1
310,941848,1
310,962166,1
311,00846U,3
311,03027X,1
311,04621X,1
311,09210X,1
311,134429,1
311,15135B,3
311,244199,1
311,294268,1
311,29476L,1
311,320209,1
311,349853,1
311,404251,1
311,438516,3
311,461202,1
311,524660,1
311,55261F,1
311,55305B,1
311,567908,1
311,649604,1
311,655844,8
311,666807,1
311,744320,2
311,747525,1
311,778296,1
311,811904,1
311,81572I,2
311,852857,2
311,90328M,1
311,92041M,1
311,958102,1
312,169905,1
312,171798,1
312,207410,1
312,253651,1
312,369604,1
312,37247D,1
312,410867,1
312,427866,1
312,46145M,3
312,485170,1
312,48666K,3
312,500643,7
312,58155Q,1
312,651587,1
312,74560L,1
312,784635,1
312,853666,1
312,876664,1
312,98956P,1
313,002824,2
313,03820C,1
313,254687,1
313,30231G,2
313,453836,1
313,45765U,2
313,45774W,2
313,534187,1
313,565849,6
313,646025,2
313,750917,1
313,883203,1
313,912909,1
313,92343V,1
314,127387,4
314,337738,1
314,344849,1
314,37247D,1
314,384109,1
314,406216,5
314,443510,1
314,46547Q,2
314,487836,1
314,565849,1
314,573284,1
314,59001A,1
314,749607,1
314,760759,1
314,88579Y,1
314,93400C,2
315,00206R,1
315,03076C,1
315,05329W,2
315,109696,2
315,168615,2
315,25754A,1
315,257651,1
315,398905,1
315,46625H,1
315,478160,1
315,500255,1
315,553777,1
315,81572I,3
315,857477,1
315,G36738,1
316,05861L,3
316,14149Y,1
316,172967,1
316,278642,2
316,30214U,3
316,375558,1
316,410495,1
316,459200,2
316,580135,4
316,698813,1
316,743315,1
316,84865A,1
316,974637,1
317,05700Y,2
317,222795,1
317,227483,1
317,30212P,8
317,32942A,1
317,422819,2
317,501044,1
317,604675,2
317,655844,1
317,713448,1
317,74251V,1
317,909907,1
318,04973Q,1
318,101388,1
318,131193,1
318,14048N,3
318,159864,1
318,221006,1
318,23332B,1
318,278715,1
318,337932,2
318,371532,1
318,466313,1
318,615369,1
318,654106,1
318,91324P,1
319,16359R,1
319,191216,1
319,192422,1
319,201723,1
319,209034,2
319,231021,1
319,278642,13
319,354613,1
319,421946,1
319,42330P,1
319,460146,4
319,48203R,6
319,594918,5
319,620076,1
319,74386T,1
319,808513,1
319,81572I,1
319,890110,1
319,91307C,1
319,929740,3
319,980745,2
320,09247X,1
320,109641,1
320,208242,1
320,303250,1
320,404251,1
320,437076,1
320,452308,1
320,515098,1
320,724078,1
320,81572I,1
320,82737Y,1
320,858119,6
320,88579Y,1
320,886547,1
320,902973,1
320,969904,1
320,98310W,1
320,G6359F,1
321,00846U,1
321,144285,1
321,205887,1
321,34354P,1
321,406216,1
321,591520,1
321,77088W,2
321,773903,10
321,806605,2
321,868873,1
321,882508,1
321,957090,1
321,988498,1
322,04971K,1
322,384802,1
322,412822,7
322,43291K,2
322,443320,1
322,458140,2
322,760759,1
322,912909,1
322,91307C,1
322,91913Y,6
323,04621X,8
323,177376,1
323,200340,1
323,23332B,1
323,292562,2
323,459044,1
323,466367,2
323,57060D,2
323,57726E,2
323,714046,1
323,716382,1
323,74251V,1
323,744320,2
323,770323,1
323,78709Y,1
323,81846H,2
323,852857,2
323,858119,1
323,89290M,2
323,90341W,5
324,177835,1
324,203668,1
324,30212P,3
324,366651,1
324,37247D,1
324,427866,1
324,437076,1
324,46145M,1
324,487836,1
324,524908,1
324,617446,2
324,666807,1
324,693718,1
324,731068,1
324,810186,4
324,81572I,1
324,81949M,3
324,824889,1
324,835495,1
324,98956P,1
324,989701,1
325,00847J,1
325,125581,1
325,14040H,1
325,14149Y,1
325,20825C,1
325,255371,1
325,29364G,1
325,297284,2
325,30231G,2
325,337932,1
325,363576,1
325,45774W,1
325,493267,2
325,610236,2
325,701094,1
325,7591EP,1
325,80105N,2
325,808513,1
325,864159,1
325,907818,1
326,029169,4
326,03027X,2
326,064149,2
326,126408,4
326,146229,5
326,149123,2
326,25754A,2
326,277432,1
326,292554,1
326,406216,4
326,416515,1
326,43291K,1
326,438516,1
326,443510,1
326,45168D,1
326,452327,1
326,48203R,1
326,482480,1
326,512807,1
326,534187,1
326,538146,1
326,55261F,1
326,59156R,1
326,723787,1
326,74144T,2
326,743815,1
326,773903,1
326,775133,1
326,831865,1
326,852857,2
326,872540,1
326,88579Y,1
326,892356,7
326,941848,1
326,962166,2
326,983919,1
327,126650,3
327,150870,1
327,199908,12
327,21036P,1
327,25470F,2
327,27579R,1
327,37247D,2
327,50540R,1
327,518439,1
327,53220K,1
327,724479,1
327,74838J,1
327,784117,1
327,78440X,1
327,80299R,1
327,806407,1
327,81572I,1
327,844741,1
327,871607,1
327,92343V,1
328,00724F,1
328,03820C,1
328,109641,2
328,133131,1
328,16359R,4
328,25754A,5
328,302491,1
328,344849,4
328,36224Z,3
328,37940X,1
328,398905,1
328,459200,2
328,46145M,1
328,46625H,1
328,56501R,4
328,57636Q,2
328,577128,1
328,62944T,1
328,74267C,1
328,75678X,1
328,808513,1
328,852061,2
328,902788,1
328,97650W,1
328,978097,1
329,09062X,2
329,101388,2
329,114340,2
329,126650,1
329,127055,3
329,232109,1
329,233331,1
329,244199,1
329,292218,1
329,29476L,1
329,30214U,1
329,316773,1
329,369604,1
329,422819,2
329,548661,1
329,571748,1
329,67066G,1
329,682680,2
329,747525,2
329,749607,2
329,758932,1
329,816850,2
329,899896,4
329,931142,1
330,131193,1
330,150870,2
330,253922,1
330,25746U,3
330,30212P,2
330,317923,5
330,354613,1
330,437076,2
330,46145M,2
330,501044,1
330,62740H,1
330,69222V,9
330,740367,1
330,743315,1
330,783859,1
330,807066,1
330,81572I,4
330,879369,1
330,887317,2
330,947890,1
330,974637,2
330,983134,3
331,00382V,1
331,06652V,1
331,08160H,1
331,154760,2
331,15679K,3
331,20825C,1
331,349853,1
331,359694,1
331,437076,2
331,459506,2
331,478160,1
331,526107,1
331,574599,1
331,62944T,1
331,704326,2
331,712704,1
331,74386T,1
331,78486Q,1
331,808513,3
331,81572I,2
331,816851,1
331,828806,1
331,857477,1
331,90328M,1
331,969457,1
331,981419,1
332,00508Y,1
332,00847J,1
332,05945F,3
332,14149Y,1
332,149205,1
332,156700,1
332,189054,1
332,19239V,2
332,260003,1
332,267475,4
332,297178,1
332,364760,2
332,384802,1
332,398905,1
332,418056,1
332,46773J,7
332,488152,1
332,501242,1
332,515098,1
332,553777,1
332,571748,1
332,571903,1
332,576853,1
332,577081,1
332,58463J,1
332,615369,2
332,655664,1
332,742718,1
332,75689M,2
332,759509,1
332,81211K,2
332,853666,1
332,92552R,2
332,955306,1
332,957090,1
332,98310W,10
332,989207,1
333,109696,1
333,143658,1
333,166764,1
333,169905,1
333,192446,1
333,25960P,1
333,29216Q,1
333,30161N,1
333,384109,1
333,42222N,1
333,440327,1
333,44930G,2
333,500255,5
333,580135,2
333,59156R,1
333,594918,2
333,600544,2
333,670346,1
333,947890,1
333,981811,1
334,217204,1
334,277432,7
334,320517,1
334,32054K,1
334,375558,2
334,387328,1
334,410867,7
334,58155Q,1
334,651587,2
334,693475,1
334,693718,1
334,695156,1
334,707884,1
334,74386T,2
334,784117,1
334,81572I,2
334,81949M,4
334,824348,3
334,88023U,1
334,91529Y,2
334,980745,2
335,00386V,2
335,00846U,1
335,01741R,1
335,03076K,1
335,084670,1
335,114340,1
335,115637,1
335,131193,1
335,200340,1
335,201723,1
335,216831,1
335,227046,4
335,254687,1
335,260003,1
335,297602,1
335,303250,1
335,320867,1
335,37247D,1
335,404251,1
335,410120,1
335,443320,1
335,45765U,1
335,466367,1
335,50540R,1
335,518439,1
335,577933,1
335,617446,1
335,655664,1
335,69073F,1
335,691497,1
335,74251V,1
335,744320,1
335,773903,1
335,80105N,2
335,81572I,2
335,828730,1
335,830879,1
335,868873,4
335,880770,1
335,913456,1
335,91529Y,4
335,94106L,1
335,942749,1
336,00206R,1
336,00847J,2
336,144285,1
336,16912P,2
336,192446,1
336,231021,1
336,251561,2
336,254709,1
336,29476L,1
336,30161N,1
336,35671D,1
336,369604,1
336,38141G,1
336,443510,1
336,45774W,1
336,459200,1
336,46145M,2
336,529043,1
336,540424,3
336,552953,1
336,573075,3
336,624580,1
336,666807,1
336,698813,1
336,703395,2
336,783549,2
336,807066,1
336,811904,1
336,831865,9
336,880779,1
336,896522,1
336,913903,1
336,94106L,1
336,959802,1
336,974637,1
337,01748X,1
337,02209S,1
337,154760,1
337,172755,1
337,177376,1
337,204166,7
337,30231G,2
337,315616,1
337,359694,1
337,361448,2
337,363576,1
337,36409M,1
337,38373A,2
337,395259,1
337,410345,1
337,436893,3
337,46145M,1
337,501044,1
337,552953,4
337,553530,1
337,566330,1
337,57636Q,1
337,59156R,2
337,628778,1
337,64110L,1
337,67018T,1
337,678026,1
337,731068,1
337,780287,1
337,79652N,1
337,844741,1
337,886547,1
337,894650,1
337,896239,1
337,90248E,1
337,902653,1
337,90333L,2
337,911312,1
337,969904,1
337,97650W,1
337,988498,1
338,127387,1
338,150870,6
338,163072,1
338,171871,1
338,192479,3
338,204166,1
338,23332B,1
338,257867,1
338,285512,12
338,292218,1
338,34354P,1
338,364760,1
338,38141Q,1
338,418056,1
338,422819,1
338,44107P,1
338,444859,2
338,45168D,2
338,459200,1
338,466032,1
338,55616P,1
338,556269,2
338,609839,1
338,629377,2
338,651718,1
338,68213N,2
338,69360J,1
338,729132,1
338,739276,1
338,760759,1
338,775133,1
338,778296,1
338,852857,1
338,863667,1
338,872540,1
338,882681,2
338,92343V,1
338,929740,1
338,983919,1
339,03027X,1
339,126408,1
339,134429,1
339,16939P,1
339,192422,1
339,218681,1
339,252784,1
339,278715,1
339,29355X,1
339,371532,1
339,401617,1
339,48203R,1
339,609027,1
339,64110L,1
339,71375U,13
339,747525,1
339,808513,1
339,816850,9
339,88592A,2
339,913017,3
340,00738A,1
340,03076C,1
340,101388,1
340,156782,1
340,192422,1
340,278715,1
340,31620M,1
340,38259P,2
340,384802,1
340,45167R,6
340,494368,1
340,59156R,5
340,60855R,1
340,624580,1
340,68213N,1
340,712704,1
340,724078,1
340,784117,1
340,800013,1
340,806857,1
340,81572I,1
340,816851,1
340,864159,1
340,902788,1
340,958102,1
340,963320,2
340,98956P,1
340,G491BT,2
341,00751Y,1
341,09227Q,1
341,10528W,1
341,126650,1
341,138098,1
341,189054,1
341,23918K,1
341,244199,2
341,262037,1
341,267475,1
341,291011,1
341,29977A,1
341,30752M,1
341,46145M,2
341,552953,1
341,553777,1
341,58155Q,1
341,589433,1
341,63944X,1
341,668074,1
341,807066,1
341,891092,6
341,902252,1
341,907818,1
341,91331V,5
342,12572Q,1
342,126501,1
342,134429,1
342,19239V,1
342,205887,1
342,30214U,1
342,38259P,2
342,416515,1
342,482480,5
342,483007,5
342,526107,4
342,59156R,4
342,759916,1
342,761624,2
342,811904,1
342,81949M,2
342,87868R,2
342,911363,3
342,91359V,2
342,959802,1
343,00507V,2
343,08160H,7
343,14310Q,2
343,205887,1
343,219350,1
343,294268,2
343,337738,1
343,37805N,1
343,431571,2
343,44930G,1
343,45031U,1
343,52516N,1
343,559079,1
343,651587,1
343,693718,1
343,707569,1
343,770323,1
343,880778,1
343,883203,1
343,92827P,1
343,94106L,5
343,G3223R,1
344,00130H,1
344,103304,1
344,127190,2
344,127387,1
344,157210,4
344,159864,1
344,26367N,2
344,267475,1
344,30226D,2
344,314211,1
344,398905,1
344,444859,1
344,48242W,2
344,60728R,2
344,64110D,5
344,65788E,1
344,67066G,1
344,68554V,1
344,698813,1
344,74267C,7
344,744573,1
344,75689M,1
344,761624,1
344,892356,1
344,957090,1
345,02209S,2
345,060505,3
345,084670,2
345,13889N,2
345,16912P,2
345,221006,1
345,28409W,1
345,30161N,1
345,415864,1
345,45841N,1
345,46145M,1
345,512807,1
345,539830,2
345,591520,1
345,594918,2
345,606822,6
345,636180,1
345,641069,1
345,654106,2
345,74144T,1
345,80634L,1
345,811904,1
345,838518,1
345,86579L,2
345,871829,1
345,883556,1
345,929903,2
346,018805,2
346,125269,2
346,169656,1
346,172967,2
346,29275Y,1
346,30161N,18
346,302491,1
346,315616,11
346,413841,1
346,452327,1
346,45867G,1
346,59156R,2
346,714046,3
346,775711,1
346,826919,1
346,829214,1
346,863667,1
346,893641,1
346,902252,1
346,910710,1
346,91273M,8
346,929042,1
346,976391,1
346,981475,2
346,989207,1
347,00507V,1
347,04621X,1
347,118440,1
347,125581,2
347,194014,1
347,199908,1
347,251561,2
347,278865,2
347,28238P,1
347,30303M,2
347,311642,1
347,372460,1
347,45774W,1
347,46145M,2
347,532457,3
347,716382,1
347,807066,1
347,81949M,3
347,82247W,2
347,864159,5
347,879433,1
347,91273M,14
347,92220P,1
348,115637,1
348,169905,1
348,192446,1
348,197200,2
348,53635B,9
348,57697W,2
348,640491,1
348,71375U,1
348,74838J,1
348,784635,1
348,829073,1
348,84156Q,1
348,91273M,14
348,94106L,1
348,962166,2
349,01748X,2
349,172755,1
349,26995V,1
349,30231G,2
349,64110L,3
349,74834L,7
349,76703C,1
349,78779W,1
349,91273M,5
350,008916,19
350,01988P,1
350,22542Z,4
350,30214U,1
350,576853,1
350,57697W,2
350,75704J,4
350,761624,1
350,807066,1
350,858586,1
350,879360,1
350,91273M,2
351,00817Y,2
351,02916P,2
351,09337A,2
351,22542Z,1
351,302941,1
351,345370,2
351,354613,1
351,419879,2
351,45031U,1
351,45867G,1
351,46120E,6
351,58470H,1
351,78648T,1
351,81572I,1
351,830879,1
351,90337L,1
351,91273M,1
351,941848,2
352,00971T,1
352,09412B,2
352,177376,1
352,205887,1
352,30486M,1
352,38259P,2
352,459044,1
352,459200,1
352,46517T,1
352,651229,1
352,81572I,2
352,902788,1
352,988498,1
353,037833,2
353,05508R,1
353,23856R,2
353,25563E,2
353,31186V,2
353,337738,1
353,36551E,1
353,38259P,2
353,739276,1
353,81572I,1
353,875465,1
353,89290M,1
353,902252,1
353,981419,20
354,22542Z,2
354,243537,2
354,284131,2
354,29229C,2
354,372452,1
354,493267,1
354,52178K,4
354,71375U,1
354,743315,3
354,761152,1
354,91273M,1
354,931142,1
354,947890,1
355,002824,1
355,023135,2
355,168905,1
355,191216,1
355,22542Z,3
355,282914,1
355,525558,1
355,559079,1
355,81572I,2
355,89772R,2
355,91273M,1
355,93402J,2
355,G36738,5
356,11133T,8
356,12541W,4
356,13889X,3
356,14149Y,2
356,199908,1
356,221006,1
356,294268,1
356,38141Q,1
356,452327,1
356,50540R,2
356,75717Q,1
356,829214,1
356,92827P,1
357,384109,1
357,539830,1
357,580135,2
357,594918,1
357,74267C,1
357,872540,1
357,957090,1
357,988498,7
358,05329W,12
358,08470Q,2
358,09062X,1
358,09788F,7
358,177835,1
358,22542Z,2
358,29364G,1
358,38259P,2
358,459200,1
358,81572I,2
358,899896,1
358,92826C,1
359,110122,3
359,126650,1
359,16912P,2
359,169656,21
359,22542Z,2
359,292218,1
359,302941,2
359,345370,1
359,364760,1
359,428567,2
359,452327,1
359,516012,1
359,666807,1
359,75638Q,2
359,879433,1
359,89762W,1
359,904677,1
359,913456,1
359,92220P,1
360,11679Y,2
360,22042J,2
360,22542Z,4
360,369550,1
360,410867,1
360,588056,1
360,693506,1
360,74838J,1
360,783549,1
360,807066,1
360,829073,1
360,863667,1
360,883556,1
360,885160,1
360,929236,1
360,959802,1
361,04621X,1
361,09778F,1
361,09788F,2
361,278265,1
361,30231G,2
361,36467W,1
361,375558,1
361,53071M,5
361,577128,3
361,64118V,1
361,646025,1
361,65756H,1
361,75717Q,2
361,796050,1
361,829214,1
362,00507V,2
362,00751Y,1
362,03062T,1
362,06231Q,2
362,12572Q,1
362,194162,1
362,205887,8
362,267475,6
362,278865,1
362,292554,1
362,292562,1
362,31620M,1
362,364760,2
362,410867,1
362,443320,1
362,48203R,1
362,548661,1
362,552953,2
362,603158,1
362,675232,1
362,718172,2
362,750917,1
362,778296,1
362,783549,1
362,811904,1
362,91324P,1
362,918204,1
362,978097,2
362,G3223R,1
363,08160H,1
363,109641,8
363,20825C,2
363,256746,1
363,257651,1
363,337738,1
363,459044,10
363,483007,1
363,620071,2
363,631103,1
363,67066G,1
363,713448,2
363,747525,1
363,80634L,2
363,81572I,2
363,93402J,2
364,00971T,1
364,01626P,12
364,09788F,2
364,14310Q,1
364,21036P,2
364,314211,1
364,37940X,1
364,418056,1
364,445658,5
364,459200,1
364,487836,1
364,81572I,1
364,902788,1
364,92345Y,11
364,92828Q,1
365,03076C,9
365,110122,4
365,16833F,2
365,25179M,2
365,25563E,2
365,31620H,2
365,31620M,2
365,375558,2
365,405024,1
365,538146,1
365,556269,2
365,62855J,1
365,81949M,2
365,883556,1
365,88502C,1
365,91529Y,1
365,969904,1
365,981063,3
366,00724F,2
366,01988P,4
366,115637,1
366,126650,1
366,146229,1
366,228903,1
366,303250,2
366,370334,2
366,48242W,1
366,501044,1
366,53220K,1
366,57060D,1
366,579780,1
366,64110L,1
366,666807,13
366,707569,1
366,74374K,2
366,81949M,3
366,827048,1
366,931142,1
367,00130H,5
367,00508Y,1
367,09227Q,1
367,09247X,7
367,147528,3
367,153527,1
367,159864,5
367,166764,3
367,253798,1
367,28238P,2
367,384802,1
367,398905,1
367,419879,1
367,44930G,1
367,559079,3
367,609839,2
367,62944T,1
367,651587,1
367,655844,1
367,724078,1
367,80105N,2
367,852857,1
367,88023U,1
367,980745,2
368,00751Y,2
368,02913V,1
368,03937E,2
368,11133T,1
368,159864,2
368,168615,1
368,168905,1
368,25470F,7
368,277432,1
368,294268,1
368,318672,1
368,364760,1
368,366651,1
368,38526M,3
368,461202,1
368,56501R,2
368,651229,1
368,655664,8
368,750917,1
368,75689M,3
368,78648T,1
368,810186,3
368,81572I,2
368,824889,2
368,83088M,2
368,860630,1
368,878155,1
368,92220P,2
368,922417,1
368,957090,1
369,00790X,2
369,05964H,3
369,203668,1
369,359694,2
369,36467W,1
369,512807,1
369,571748,6
369,57636Q,1
369,74144T,1
369,807066,1
369,816851,2
369,817826,3
369,882508,1
369,883556,1
369,968223,1
369,969904,3
370,04549C,2
370,09788F,1
370,282914,1
370,29364G,1
370,346375,2
370,371532,1
370,404280,2
370,459200,1
370,489170,3
370,539830,10
370,58155Q,4
370,594918,2
370,682680,1
370,74834L,2
370,811054,1
370,81572I,4
370,827048,1
370,92828Q,3
370,947890,1
371,01615M,3
371,09788F,1
371,109641,1
371,14149Y,3
371,14312Y,3
371,172755,1
371,200340,1
371,292218,1
371,337738,1
371,46145M,1
371,500255,1
371,50187A,1
371,513847,1
371,534187,3
371,571903,8
371,577081,1
371,592688,3
371,667340,1
371,716382,1
371,74267C,1
371,760759,7
371,806407,1
371,81619Q,8
371,87874R,1
371,880770,3
372,00206R,5
372,16359R,1
372,192446,9
372,203668,7
372,205887,1
372,217204,2
372,25470F,1
372,25811P,2
372,354613,1
372,45031U,2
372,46145Y,2
372,631103,2
372,81572I,2
372,81949M,4
372,863667,1
372,896522,1
372,929236,4
373,02209S,2
373,1A9897,2
373,30231G,2
373,46145M,2
373,494368,2
373,712704,1
373,74834L,2
373,832696,2
373,88023U,1
373,886547,2
374,00507V,3
374,00751Y,1
374,05508R,1
374,09062X,3
374,09788F,8
374,159864,2
374,16359R,7
374,19239V,4
374,192479,2
374,20825C,1
374,231021,1
374,253651,1
374,277432,1
374,285512,2
374,292218,1
374,302445,1
374,302491,1
374,30303M,2
374,36467W,1
374,364760,2
374,38141Q,1
374,38259P,2
374,437076,2
374,438516,2
374,460690,1
374,47417F,2
374,482480,1
374,49855T,1
374,500255,1
374,50540R,1
374,521865,8
374,53071M,2
374,553777,1
374,559079,1
374,690732,1
374,69478X,1
374,695156,1
374,724479,1
374,729132,1
374,759351,1
374,778296,2
374,81572I,3
374,852857,1
374,872540,1
374,880345,5
374,882681,6
374,883556,3
374,88579Y,1
374,899896,1
374,907818,1
374,91529Y,1
374,92220P,1
374,92343V,2
374,941848,1
374,959802,2
374,969904,2
375,01516W,1
375,03027X,2
375,09788F,1
375,115637,1
375,168905,1
375,316773,1
375,401617,1
375,438516,2
375,452327,1
375,459044,1
375,46145M,2
375,46625H,2
375,501044,1
375,54210P,2
375,59156R,1
375,62855J,1
375,703395,1
375,857477,1
375,866796,2
376,00971T,1
376,150870,1
376,177376,1
376,21036P,4
376,22160K,3
376,278715,2
376,427866,1
376,444859,1
376,459200,1
376,57636Q,1
376,58470H,1
376,666807,2
376,81949M,2
376,835495,1
376,892356,1
376,902788,1
376,92345Y,1
376,981419,1
377,01988P,2
377,025537,2
377,09247X,1
377,12572Q,1
377,126408,1
377,127190,2
377,12980J,2
377,189054,1
377,192446,1
377,218681,1
377,22542Z,1
377,254687,1
377,257559,1
377,257867,1
377,267475,1
377,278865,1
377,337738,2
377,418056,1
377,431475,3
377,452308,1
377,45765U,4
377,52409C,1
377,571903,1
377,58470H,4
377,628464,3
377,62944T,1
377,655664,2
377,698813,2
377,727493,3
377,73278L,1
377,74251V,1
377,76122Q,1
377,784117,1
377,810186,1
377,871607,1
377,88033G,1
377,91324P,1
377,92826C,2
377,929740,4
377,981419,1
377,989207,1
378,03076C,1
378,109641,1
378,134429,1
378,153527,1
378,20430H,2
378,254709,1
378,278715,2
378,28238P,1
378,30214U,1
378,36191J,1
378,466313,2
378,58470H,1
378,67390J,2
378,743312,1
378,743315,1
378,744320,2
378,84763A,2
378,87162W,1
378,929236,1
378,931142,2
378,981811,1
379,101137,1
379,205826,2
379,278265,1
379,416515,5
379,451100,6
379,55306N,1
379,620076,7
379,62944T,1
379,680665,1
379,81572I,2
379,81949M,4
379,92826C,2
379,957090,1
380,00766T,1
380,12503M,12
380,125269,1
380,126650,1
380,127190,1
380,149205,1
380,156431,3
380,192446,1
380,254423,1
380,25470F,1
380,278865,4
380,29275Y,1
380,31620M,1
380,37940X,1
380,398433,6
380,398905,1
380,42722X,1
380,452327,1
380,460690,1
380,461202,2
380,48242W,1
380,485537,2
380,515098,2
380,536797,1
380,548661,1
380,55734E,3
380,574795,1
380,57772K,1
380,58470H,1
380,588056,1
380,60871R,1
380,651229,5
380,667340,1
380,681936,1
380,716382,1
380,727493,1
380,74251V,1
380,761152,1
380,81572I,2
380,81619Q,1
380,827048,3
380,844741,4
380,853666,1
380,871237,1
380,893641,3
380,90449I,1
380,942749,1
380,98310W,1
381,104674,1
381,194162,2
381,231561,1
381,30486M,1
381,34354P,1
381,36191J,1
381,36237H,2
381,393222,1
381,40412C,1
381,443510,1
381,45778Q,1
381,512807,1
381,655663,3
381,667340,1
381,806407,1
381,883203,2
381,904214,1
381,90449I,2
382,00508Y,1
382,02209S,3
382,03820C,2
382,115236,1
382,163072,1
382,172908,7
382,219350,2
382,256746,2
382,31849F,3
382,32020R,3
382,320517,4
382,33766Y,1
382,459200,1
382,465741,1
382,466313,1
382,477839,1
382,559079,5
382,577081,1
382,589433,2
382,628778,2
382,631103,6
382,63934E,2
382,693506,1
382,712704,2
382,759470,2
382,879360,2
382,88023U,1
382,896239,3
382,899896,1
382,G81276,4
383,16359R,2
383,192422,1
383,228903,1
383,256677,10
383,29358P,1
383,29444U,1
383,303250,1
383,31620M,1
383,343412,3
383,451100,5
383,466367,10
383,477839,1
383,56418H,1
383,576323,1
383,577128,1
383,577933,4
383,61945C,1
383,69349H,1
383,74164M,2
383,871829,1
383,883556,1
383,913456,1
383,981419,1
384,205887,1
384,216648,4
384,257559,1
384,46131B,1
384,46145M,1
384,512807,1
384,573284,4
384,62944T,2
384,693718,1
384,695156,3
384,74251V,1
384,783549,1
384,81572I,1
384,863667,3
384,87974C,1
384,911363,1
384,92343V,2
384,98956P,1
385,221006,1
385,253393,1
385,30231G,2
385,436106,3
385,521865,1
385,620076,2
385,73878W,1
385,74834L,1
385,77119M,10
385,784635,2
385,811904,1
385,81572I,3
385,832696,1
385,88023U,1
385,885160,1
385,969904,2
386,00507V,1
386,08986R,1
386,09788F,1
386,169656,1
386,20030N,8
386,243537,2
386,253651,1
386,30214U,1
386,302491,1
386,31620M,2
386,337738,1
386,344849,1
386,364760,1
386,37282A,3
386,393222,3
386,422347,1
386,460690,2
386,48123V,3
386,56585A,7
386,571903,1
386,651718,1
386,655664,1
386,74251V,1
386,887389,3
386,92826C,2
386,983134,1
387,168905,1
387,200340,2
387,254709,1
387,267475,1
387,33766Y,1
387,36467W,1
387,446150,1
387,459044,1
387,46625H,1
387,493267,2
387,783332,1
387,78454L,1
387,81572I,2
387,857477,2
387,88262A,2
387,902973,2
388,00724F,2
388,01988P,1
388,200340,1
388,21036P,1
388,413160,5
388,416515,2
388,444859,1
388,452327,3
388,459200,9
388,65922F,2
388,69073F,1
388,693475,1
388,74164M,2
388,743312,1
388,806407,1
388,88033G,1
388,880345,1
388,902788,1
388,98310W,1
389,01997F,1
389,02913V,3
389,09247X,2
389,101388,2
389,192446,1
389,25470F,1
389,260003,1
389,29089Q,1
389,292562,2
389,303075,1
389,33766Y,1
389,34354P,3
389,40425J,1
389,45031U,4
389,45867G,1
389,46145M,1
389,53071M,1
389,640079,1
389,66771A,2
389,67018T,1
389,71375U,1
389,74251V,1
389,844741,1
389,853666,1
389,902104,1
389,911312,1
389,92827P,1
389,941848,1
389,942749,1
389,958102,1
390,08160H,1
390,110122,1
390,127190,1
390,262037,2
390,302941,1
390,319829,3
390,34354P,1
390,369550,1
390,42983L,1
390,436106,1
390,437076,1
390,45867G,1
390,47469X,1
390,48203R,1
390,501044,2
390,57636Q,2
390,67553J,1
390,69478X,1
390,718172,3
390,744320,1
390,773903,1
390,91307C,1
390,91324P,2
390,981419,1
391,00206R,1
391,12503M,1
391,243537,1
391,285512,2
391,37940X,2
391,398905,8
391,580135,2
391,620076,1
391,775711,1
391,81572I,2
391,883556,1
391,92826C,2
392,00766T,1
392,109641,1
392,125269,2
392,14149Y,4
392,265504,1
392,296315,1
392,303250,2
392,316773,2
392,371532,2
392,42722X,2
392,534187,1
392,553777,1
392,57776J,1
392,588056,1
392,678026,3
392,73278L,6
392,74164M,1
392,751212,1
392,81572I,5
392,84763A,1
392,868873,2
392,87874R,1
392,91529Y,2
392,92220P,1
392,92839U,2
393,104674,3
393,126650,1
393,28238P,1
393,384109,3
393,624756,1
393,654106,5
393,737446,1
393,81572I,6
393,896522,2
393,949746,2
394,02209S,1
394,02911N,3
394,143130,6
394,150870,1
394,235825,5
394,30226D,1
394,40425J,2
394,43291K,1
394,501044,2
394,554489,1
394,704326,1
394,739276,5
394,74164M,1
394,81572I,3
394,81949M,4
394,852857,2
394,88033G,1
394,88426M,2
395,00770F,1
395,168905,1
395,169656,1
395,171340,2
395,172755,4
395,221006,1
395,232109,6
395,254687,2
395,260003,2
395,292554,1
395,339041,2
395,428567,3
395,43291K,1
395,443320,1
395,446413,5
395,45778Q,2
395,688239,1
395,69336V,1
395,712704,1
395,75945X,1
395,81211K,1
395,81572I,4
395,827048,5
395,83088M,2
395,855244,1
395,883556,2
395,925815,4
395,95058W,1
395,988498,1
396,00770F,1
396,02916P,3
396,205826,2
396,21871D,1
396,231021,1
396,25470F,1
396,369604,1
396,37045V,2
396,428291,6
396,459506,4
396,53071M,1
396,532457,2
396,538146,4
396,55354G,6
396,55616P,1
396,56418H,2
396,62944T,1
396,667340,1
396,693506,1
396,77119M,2
396,84470P,1
396,863667,1
396,909214,1
396,947890,3
397,00846U,1
397,09247X,3
397,101119,1
397,143658,1
397,18538R,2
397,30231G,2
397,360271,1
397,364760,2
397,37940X,1
397,395259,1
397,566330,1
397,81572I,3
397,883203,1
397,899896,1
397,904677,2
398,00287Y,2
398,14309L,2
398,156700,1
398,16359R,1
398,169656,1
398,221006,2
398,228903,1
398,254423,3
398,30214U,1
398,302445,1
398,344849,2
398,346563,1
398,369604,1
398,437076,2
398,462726,1
398,50540R,1
398,548661,7
398,571903,1
398,574795,2
398,57636Q,2
398,615369,2
398,62855J,1
398,629377,1
398,703343,4
398,713448,1
398,778296,3
398,858586,1
398,874054,2
398,882508,1
398,88579Y,2
398,911312,2
398,91307C,3
398,92826C,1
398,F5548N,1
399,172967,1
399,200340,1
399,253393,3
399,28238P,1
399,31428X,2
399,316773,3
399,42809H,2
399,493267,2
399,609207,6
399,624580,3
399,703395,1
399,704326,1
399,747525,2
399,7591EP,1
399,808194,3
399,90384S,2
399,925815,2
399,969904,4
400,02209S,3
400,11133T,1
400,126408,2
400,149123,2
400,200340,1
400,219350,1
400,346563,2
400,413160,1
400,512807,2
400,521865,4
400,579780,1
400,651718,2
400,671044,1
400,76009N,1
400,902788,1
401,00738A,3
401,125581,1
401,146229,1
401,218681,1
401,247361,1
401,291011,2
401,29275Y,1
401,38141Q,2
401,444859,2
401,487836,1
401,538146,1
401,58933Y,4
401,67066G,1
401,69336V,1
401,717081,3
401,74164M,2
401,76009N,2
401,783332,2
401,81572I,3
401,844741,1
401,G50871,1
402,031162,2
402,03769T,6
402,221006,1
402,235825,1
402,278715,1
402,517834,2
402,71375U,1
402,744320,3
402,88162G,2
402,92345Y,1
402,931142,2
403,00507V,2
403,14040H,1
403,149123,1
403,37940X,8
403,406216,3
403,46120E,1
403,49456B,4
403,57772K,1
403,58502B,3
403,5A1977,6
403,62944T,1
403,74464W,5
403,806857,1
403,81949M,4
403,83088M,2
403,868873,1
403,92826C,1
403,957090,1
403,980745,2
404,12541W,1
404,146229,1
404,235825,1
404,267475,1
404,337738,1
404,452308,1
404,55354G,1
404,609839,1
404,655663,2
404,74144T,1
404,871829,1
404,876664,2
404,879433,1
404,89531P,2
404,917047,1
404,98419M,1
405,115637,2
405,127387,2
405,22410J,2
405,254687,1
405,256746,2
405,257651,1
405,382550,4
405,460146,3
405,565849,3
405,594918,5
405,603158,1
405,60855R,2
405,703481,1
405,747525,3
405,81949M,4
405,87874R,2
405,96208T,1
406,00724F,1
406,00971T,1
406,219350,3
406,253798,2
406,253868,1
406,37940X,1
406,393657,2
406,40412C,2
406,47081L,1
406,532457,2
406,651229,1
406,79531F,2
406,878155,2
406,89531P,1
406,911363,1
406,92826C,1
407,00766T,1
407,00846U,1
407,09576X,3
407,23204G,1
407,23332B,2
407,294268,1
407,302081,1
407,36467W,2
407,364760,2
407,398433,1
407,43291K,1
407,436440,1
407,62855J,3
407,646025,1
407,731068,2
407,7A2507,1
407,874054,2
407,907818,2
407,913456,1
407,92220P,4
407,988498,1
408,00130H,1
408,09253U,3
408,126650,3
408,156782,3
408,168615,2
408,21871D,2
408,227046,3
408,29444U,1
408,30040P,1
408,438516,2
408,457187,1
408,46131B,1
408,466313,1
408,4A9251,3
408,525327,2
408,57636Q,2
408,61945C,4
408,62944T,1
408,783549,1
408,784635,1
408,880779,2
408,8A2143,2
408,91529Y,2
408,917286,1
408,98956P,1
408,989817,2
409,125581,5
409,149123,4
409,203607,2
409,30231G,2
409,31428X,1
409,320517,4
409,361448,1
409,369550,1
409,395259,1
409,535555,2
409,57060D,2
409,576690,1
409,615394,3
409,66611L,1
409,743312,1
409,74733V,1
409,85543X,1
409,902681,1
409,91359V,1
409,95058W,2
410,00770F,2
410,01748X,4
410,115236,3
410,154760,2
410,156700,2
410,171340,2
410,184496,3
410,18538R,2
410,222070,4
410,265504,1
410,31620M,2
410,319829,2
410,34964C,1
410,349853,2
410,366651,2
410,369550,1
410,427866,1
410,460690,4
410,465741,1
410,48203R,6
410,48242W,1
410,487836,1
410,55354G,2
410,61945C,2
410,626717,1
410,654902,2
410,67066G,1
410,688239,3
410,690732,1
410,69318J,1
410,74164M,1
410,759351,3
410,761152,1
410,853666,1
410,872540,1
410,883203,1
410,88579Y,2
410,89531P,2
410,896818,1
410,902104,1
410,94106L,2
410,959802,1
410,978097,2
411,06652V,1
411,14040H,1
411,168905,1
411,200340,1
411,219350,1
411,22542Z,1
411,28238P,1
411,316773,3
411,446150,1
411,46625H,1
411,493267,2
411,501044,2
411,525327,1
411,617446,1
411,665859,2
411,66611L,1
411,693475,2
411,7591EP,1
411,857477,2
411,886547,2
411,896522,2
411,902973,1
411,91359V,3
411,93148P,1
412,067901,2
412,097023,2
412,172967,1
412,192422,3
412,254709,3
412,294268,1
412,303250,2
412,313855,2
412,316773,2
412,384802,2
412,405024,1
412,444859,2
412,462726,1
412,512807,2
412,651587,2
412,680665,1
412,693506,4
412,74251V,1
412,81572I,1
412,902788,1
412,963320,1
412,G66721,2
413,05379B,1
413,14728H,1
413,154760,4
413,237194,2
413,247361,2
413,285512,2
413,292554,1
413,29275Y,1
413,370334,1
413,375558,3
413,45768S,1
413,46120E,1
413,477143,1
413,580135,2
413,626717,3
413,626755,1
413,63938C,1
413,640079,1
413,811054,2
413,817070,2
413,844741,3
413,882681,1
413,90333L,1
413,91359V,2
413,917047,2
413,920253,3
413,92839U,1
413,941848,1
414,200525,1
414,222070,1
414,262037,2
414,294268,2
414,34964C,1
414,41146A,3
414,428291,1
414,45867G,6
414,501044,2
414,639050,3
414,704326,1
414,744320,2
414,81211K,1
414,81572I,4
414,87162W,1
414,91324P,2
414,91347P,1
414,91359V,2
414,981475,2
415,02209S,2
415,02376R,2
415,127387,2
415,149123,2
415,192479,2
415,231021,1
415,237194,1
415,278265,2
415,282914,2
415,28863Z,2
415,410120,2
415,416515,2
415,45161Y,6
415,457187,1
415,466313,1
415,478160,1
415,53220K,1
415,62944T,1
415,724078,2
415,811904,2
415,86722A,1
415,910047,2
415,913903,5
415,928662,2
415,957090,1
416,125269,1
416,131193,1
416,216831,2
416,278715,1
416,29275Y,1
416,29355X,2
416,303250,2
416,419596,1
416,469814,3
416,488401,1
416,501242,5
416,53220K,1
416,626717,2
416,66611T,3
416,69318G,2
416,69370C,2
416,729132,1
416,806037,2
416,810186,1
416,81572I,2
416,87874R,1
416,896239,2
416,902104,1
416,95058W,1
416,962166,2
417,115236,2
417,177835,1
417,231561,2
417,30040P,3
417,31428X,2
417,34964C,1
417,42339V,4
417,436106,2
417,444859,1
417,46145M,2
417,55354G,1
417,574599,1
417,637071,2
417,747619,1
417,879360,1
417,90384S,3
417,92335C,2
417,984851,2
417,G6359F,1
418,00287Y,4
418,03820C,1
418,11373M,1
418,115637,2
418,117043,2
418,13645T,2
418,144285,1
418,201723,1
418,22410J,2
418,253798,1
418,316773,2
418,364760,1
418,393657,3
418,40412C,2
418,42722X,1
418,443320,1
418,443510,2
418,457985,2
418,50077C,1
418,526107,1
418,595112,1
418,609027,1
418,626755,2
418,680033,3
418,701094,1
418,714046,1
418,87161C,2
418,893641,2
418,89531P,2
418,92826C,4
418,929236,2
418,955306,1
418,97717P,2
419,12514G,4
419,156504,1
419,169905,3
419,29275Y,1
419,337738,2
419,34988V,1
419,35138V,1
419,360271,2
419,36467W,2
419,444859,2
419,48238T,1
419,576853,1
419,620076,1
419,679580,1
419,68213N,2
419,71528L,1
419,74164M,1
419,754212,3
419,783332,2
419,81949M,4
419,83088M,2
419,868873,3
419,87724P,3
419,88162G,1
419,983919,2
419,98978V,1
419,G36738,2
420,05379B,1
420,17273K,1
420,18538R,2
420,219350,2
420,457187,1
420,576323,2
420,57636Q,2
420,58502B,1
420,615369,2
420,629377,4
420,63938C,4
420,65339F,9
420,655663,3
420,675232,1
420,73640Q,1
420,739128,1
420,744320,2
420,759509,2
420,824889,2
420,871607,1
420,87874R,1
420,889478,2
420,92345Y,1
420,92886T,1
420,929566,3
420,989817,2
421,00724F,1
421,02376R,2
421,126650,2
421,127055,2
421,168905,3
421,203607,1
421,260003,1
421,265504,3
421,316773,2
421,395259,1
421,750917,1
421,81572I,2
421,864159,1
421,86722A,1
421,962166,1
422,00130H,1
422,00507V,1
422,168615,1
422,171340,1
422,194162,1
422,216831,2
422,262037,2
422,265504,1
422,267475,2
422,278865,2
422,282914,1
422,29355X,2
422,302081,2
422,302445,2
422,314211,1
422,344849,2
422,364760,2
422,369550,6
422,40412C,11
422,427866,1
422,436106,2
422,437076,2
422,46120E,2
422,465741,1
422,501797,2
422,573284,1
422,60871R,1
422,62944T,1
422,640079,2
422,713448,1
422,717081,2
422,724479,2
422,74164M,2
422,74251V,1
422,75972A,1
422,778296,1
422,800013,4
422,827048,2
422,829073,3
422,853666,2
422,87111Z,2
422,872540,3
422,879360,1
422,880779,1
422,90130A,2
422,917047,3
422,92343V,2
422,928377,1
422,94106L,3
422,959802,2
422,984017,2
423,00770F,1
423,06652V,5
423,115236,2
423,126349,1
423,14040H,2
423,154760,2
423,172967,2
423,174610,1
423,23332B,2
423,316773,1
423,37045V,3
423,3C5166,3
423,446150,1
423,45780R,1
423,462726,2
423,46625H,2
423,493267,2
423,579780,1
423,58502B,1
423,617446,2
423,665859,1
423,693475,6
423,747525,2
423,7591EP,1
423,828806,5
423,857477,2
423,902973,1
423,93148P,1
424,03820C,2
424,126408,3
424,127387,2
424,200340,1
424,22160K,1
424,229899,2
424,23918K,4
424,254709,2
424,278265,2
424,316773,2
424,346375,1
424,360271,1
424,369604,2
424,37940X,1
424,38141Q,1
424,384802,1
424,40412C,1
424,419879,2
424,44107P,3
424,483548,1
424,567908,2
424,665859,2
424,6C9347,12
424,81572I,4
424,828806,11
424,902788,1
424,G87572,1
425,00287Y,1
425,00846U,1
425,200525,1
425,247361,1
425,257651,1
425,285512,2
425,366651,1
425,436106,1
425,485170,2
425,525327,1
425,58155Q,2
425,61945C,2
425,64115T,1
425,747316,1
425,747525,1
425,81572I,2
425,844741,4
425,85543X,1
425,91529Y,2
425,Y0486S,5
426,225447,1
426,29273V,10
426,39304D,1
426,47081L,2
426,477143,1
426,501044,3
426,501797,1
426,693656,4
426,744320,2
426,754907,2
426,871829,1
426,872590,2
426,87974C,1
426,91911K,2
426,92839U,1
426,95058W,4
426,980745,1
426,981475,2
426,989817,2
427,00817Y,12
427,02209S,3
427,105368,1
427,127387,2
427,143658,5
427,149123,1
427,21871D,1
427,219350,1
427,267475,3
427,315405,4
427,316773,2
427,391416,1
427,466313,1
427,529043,1
427,807066,1
427,81211K,2
427,881609,1
427,90929C,2
427,910047,2
427,911363,1
427,942749,1
427,957090,1
428,12685J,1
428,16845L,1
428,192479,1
428,267475,1
428,278715,1
428,292554,1
428,29275Y,1
428,294268,1
428,368736,2
428,40425J,1
428,410120,1
428,461730,1
428,48238T,1
428,50048J,4
428,577933,2
428,620076,2
428,70931T,3
428,729132,1
428,74164M,1
428,76122Q,1
428,77088W,2
428,775133,1
428,790148,2
428,826919,1
428,82775R,3
428,871607,1
428,896239,1
428,95058W,2
428,962166,1
428,98419M,1
428,G6359F,1
429,114340,1
429,150870,1
429,156782,2
429,208242,2
429,222795,1
429,22410J,1
429,267475,1
429,316773,2
429,371532,2
429,39304D,1
429,46625H,1
429,477143,2
429,53220K,2
429,554382,1
429,574795,1
429,58441K,3
429,591520,1
429,603158,1
429,670346,2
429,693718,2
429,81949M,4
429,829073,1
429,871829,1
429,896239,2
429,90906W,3
429,91359V,3
429,948741,1
430,00182C,1
430,02376R,1
430,03071H,1
430,032654,2
430,148806,1
430,171484,2
430,194014,1
430,219350,3
430,25754A,5
430,265504,2
430,29355X,1
430,360271,2
430,369604,2
430,37247D,1
430,427825,1
430,440327,1
430,445658,2
430,452327,1
430,478160,1
430,478366,2
430,512807,6
430,55354G,5
430,56418H,3
430,58155Q,1
430,651587,1
430,68162K,1
430,69336V,1
430,74251V,3
430,743312,1
430,750917,1
430,87161C,2
430,89531P,1
430,910047,1
430,922417,1
430,931142,3
430,G97822,1
430,V7780T,3
431,00770F,1
431,01988P,2
431,101388,1
431,115236,2
431,12514G,1
431,13645T,9
431,168615,12
431,171484,1
431,203668,1
431,217204,3
431,231021,3
431,252784,1
431,254543,1
431,29358P,1
431,29977A,2
431,302941,1
431,419596,1
431,422347,1
431,428567,1
431,45768S,1
431,55261F,2
431,554382,1
431,62944T,1
431,654106,1
431,743815,1
431,78573M,1
431,825690,2
431,83088M,2
431,85208M,2
431,860372,1
431,879360,1
431,88033G,1
431,883556,2
431,913456,1
431,G30401,1
431,G491BT,1
432,18538R,1
432,231561,2
432,237194,2
432,27875T,1
432,316773,2
432,45031U,2
432,45778Q,2
432,462726,2
432,477839,1
432,57636Q,3
432,580135,2
432,59522J,1
432,615369,2
432,744320,1
432,76131V,2
432,807066,3
432,824889,2
432,871607,1
432,887399,1
432,896522,1
432,92335C,1
432,92839U,3
432,984017,2
432,988498,5
433,00163U,1
433,115637,1
433,14067E,1
433,154760,2
433,203607,2
433,278265,2
433,31428X,1
433,361448,3
433,371532,2
433,379890,1
433,400110,1
433,427866,1
433,46145M,2
433,57060D,2
433,626755,1
433,703343,1
433,70450Y,1
433,743606,1
433,759351,2
433,806857,1
433,81572I,2
433,81949M,5
433,84470P,1
433,844741,2
433,87265H,1
433,886547,2
433,Y9895V,6
434,00971T,3
434,149150,1
434,171484,2
434,231021,1
434,247361,1
434,25566Q,1
434,265504,1
434,292218,2
434,29358P,1
434,319829,1
434,339041,8
434,34964C,1
434,364760,1
434,42222N,1
434,443320,1
434,45031U,3
434,487836,1
434,49338L,1
434,501797,2
434,526107,1
434,554382,1
434,567908,3
434,576323,2
434,577081,2
434,61945C,1
434,70509V,2
434,737446,2
434,74251V,1
434,75605Y,1
434,758075,1
434,783549,1
434,81949M,4
434,835495,1
434,84860W,1
434,88579Y,4
434,887389,2
434,893641,2
434,929740,1
434,93148P,2
434,98956P,1
434,G29183,1
435,00164V,3
435,00770F,2
435,037612,2
435,13645T,2
435,156782,2
435,20030N,1
435,253393,2
435,316773,3
435,462726,1
435,536797,2
435,59408Q,2
435,624580,1
435,67066G,1
435,717081,1
435,743312,3
435,75972A,2
435,898402,1
435,90384S,3
435,90984P,1
435,92839U,2
435,L9340P,2
436,02376R,2
436,253798,1
436,37940X,1
436,39304D,1
436,410345,1
436,438516,2
436,458665,1
436,533900,1
436,537008,2
436,54338V,2
436,671044,1
436,783332,2
436,81572I,1
436,902788,1
436,963320,2
437,248019,2
437,371532,3
437,419596,2
437,554382,1
437,679580,1
437,70432V,3
437,74834L,1
437,81572I,2
437,844741,3
437,854231,1
437,871237,1
437,871607,1
437,87874R,2
437,889478,1
437,911312,2
437,91529Y,2
437,92828Q,3
437,928298,1
437,983919,3
437,G8827U,2
438,00287Y,1
438,128126,3
438,14040H,1
438,172967,2
438,174610,2
438,200340,1
438,234264,1
438,238337,6
438,254709,3
438,302941,3
438,46625H,2
438,466313,3
438,493267,2
438,501044,4
438,517834,2
438,55261F,1
438,609207,2
438,620071,4
438,65341D,2
438,665859,1
438,729132,1
438,7591EP,2
438,81572I,2
438,857477,2
438,87874R,1
438,91359V,1
438,968223,1
438,G491BT,1
438,G66721,1
438,L9340P,2
439,197236,1
439,219350,1
439,262037,2
439,29089Q,1
439,303075,2
439,303250,1
439,349853,1
439,44980X,1
439,46145M,1
439,525558,2
439,553530,2
439,704326,1
439,7E4797,11
439,81572I,1
439,83088M,2
439,87165B,1
439,883556,1
439,957090,1
439,984121,2
439,989701,1
440,101388,1
440,126600,1
440,269796,2
440,294268,1
440,31620M,1
440,316773,2
440,45073V,1
440,52654M,2
440,727493,1
440,78440X,6
440,806037,1
440,829073,2
440,883556,2
440,928377,1
440,978097,1
441,031162,1
441,109641,1
441,22410J,1
441,24906P,1
441,293792,2
441,45378A,2
441,594918,3
441,703395,1
441,81572I,6
441,85208M,2
441,871607,3
441,981475,1
441,G47567,2
442,05990K,1
442,12504L,2
442,16902N,23
442,21871D,1
442,229899,1
442,237194,1
442,314211,1
442,391416,1
442,427825,1
442,457985,1
442,58155Q,2
442,690742,2
442,695263,3
442,76122Q,3
442,7C3075,2
442,827048,2
442,858119,3
442,880345,1
442,92828Q,1
443,00770F,1
443,01988P,1
443,03475V,1
443,077454,3
443,156782,1
443,20825C,7
443,30303M,4
443,337738,3
443,48238T,1
443,512807,3
443,573284,1
443,59156R,1
443,62944T,1
443,63025W,2
443,690732,1
443,703395,1
443,74164M,2
443,743815,2
443,761624,2
443,78573M,1
443,811054,1
443,852857,1
443,872540,1
443,88162G,2
443,907818,1
443,95058W,2
444,316773,2
444,37253A,2
444,461730,1
444,57636Q,1
444,63938C,3
444,744320,1
444,824889,1
444,871607,1
444,87161C,1
444,880770,1
444,94106L,1
444,98978V,1
445,00724F,1
445,02376R,1
445,12008R,1
445,154760,2
445,203607,1
445,46120E,2
445,700658,1
445,759351,1
445,82686Q,1
445,83088M,2
445,883203,1
445,92839U,2
445,980745,1
446,00507V,1
446,110122,1
446,127387,3
446,192446,2
446,221006,2
446,278715,1
446,278865,1
446,29358P,1
446,302445,1
446,315405,1
446,344849,7
446,346375,1
446,3F7069,1
446,43300A,4
446,437076,6
446,44107P,2
446,444859,3
446,45688C,1
446,465741,1
446,501797,1
446,554382,1
446,629209,1
446,62944T,1
446,703395,1
446,707569,2
446,717081,1
446,743713,2
446,778296,2
446,78573M,1
446,81572I,3
446,830879,1
446,853666,1
446,86444L,1
446,871607,1
446,87265H,3
446,880779,1
446,887389,1
446,89531P,1
446,89599T,1
446,896945,2
446,95058W,1
447,013104,2
447,134429,1
447,147528,1
447,168905,1
447,34964C,2
447,39304D,1
447,477143,1
447,4C5046,1
447,68389X,2
447,81572I,4
447,893641,1
447,90384S,1
447,918204,2
447,92839U,1
448,126408,3
448,171484,2
448,23355L,2
448,316773,2
448,359694,1
448,458665,1
448,477143,1
448,512807,1
448,646025,2
448,70450Y,1
448,902788,1
448,91307C,1
448,92047W,1
448,92826C,3
448,92827P,1
448,931427,1
448,V7780T,1
449,00163U,1
449,109696,1
449,156782,4
449,192422,1
449,247361,1
449,27875T,3
449,282914,1
449,285512,1
449,31942D,3
449,4F8252,2
449,537008,2
449,574599,1
449,58506Q,1
449,74251V,1
449,743315,1
449,750917,1
449,81572I,3
449,81762P,1
449,844741,1
449,852857,1
449,871607,1
449,87165B,1
449,875465,1
449,880779,1
449,91307C,1
449,91529Y,2
449,941848,1
449,J75963,2
450,0C3038,1
450,125581,2
450,14040H,1
450,171484,1
450,172967,2
450,174610,1
450,200340,1
450,254709,2
450,397624,1
450,405217,1
450,46625H,1
450,493267,2
450,501044,2
450,55261F,2
450,58470H,1
450,59408Q,1
450,617446,1
450,63645F,1
450,665859,1
450,703395,1
450,74734P,2
450,7591EP,1
450,81572I,3
450,857477,1
450,87162W,1
450,902973,1
450,931427,2
450,G5960L,2
450,L9340P,2
451,150870,2
451,1A5814,7
451,23331A,2
451,448811,12
451,47081L,1
451,49427F,1
451,49456B,1
451,525558,1
451,57772K,2
451,665859,2
451,81572I,2
451,92343V,2
451,957090,1
452,115236,1
452,218681,1
452,29275Y,1
452,294268,1
452,31620M,1
452,316773,1
452,339041,1
452,485170,2
452,53223X,1
452,58506Q,1
452,624580,2
452,81572I,2
452,833034,1
452,84860W,2
452,928298,1
452,985817,1
452,G3323L,2
452,G8232Y,1
453,22410J,1
453,29357K,1
453,395259,2
453,477143,2
453,501797,1
453,552953,1
453,603158,1
453,69370C,1
453,81572I,2
453,871607,1
453,880779,1
453,96208T,1
454,126408,2
454,1A0303,2
454,229899,1
454,243537,1
454,25754A,2
454,265504,1
454,291011,4
454,29355X,1
454,29977A,1
454,427866,2
454,443510,1
454,45781M,1
454,57060D,1
454,637417,1
454,64115T,1
454,670704,2
454,70509V,1
454,89785X,1
454,90449I,1
454,911163,1
454,92349Y,1
454,930059,1
454,931142,1
454,974637,1
454,981475,2
455,05508R,1
455,057224,1
455,0H1764,1
455,171340,1
455,171484,1
455,171604,1
455,177376,2
455,28863Z,1
455,29275Y,1
455,29786A,1
455,30225T,1
455,303250,2
455,32054K,1
455,384637,2
455,40425J,1
455,418056,2
455,42809H,2
455,45866F,1
455,58506Q,1
455,59156R,1
455,596278,1
455,640079,1
455,641069,2
455,654902,2
455,783332,1
455,78463M,2
455,7A1762,1
455,847215,1
455,853666,2
455,893641,1
455,89469A,2
455,896239,1
455,91336L,1
455,913456,1
455,Y09827,10
456,03027X,1
456,0H3001,1
456,11120U,1
456,12653C,1
456,171779,1
456,192446,1
456,231561,1
456,316773,3
456,415864,1
456,419879,1
456,437076,2
456,438516,2
456,444859,3
456,477143,1
456,487836,1
456,57636Q,1
456,62944T,1
456,744320,1
456,824889,1
456,871607,1
456,872590,2
456,896522,1
456,910047,1
456,922417,1
456,94106L,1
456,98986M,1
457,023135,2
457,037833,2
457,06652K,1
457,09788F,1
457,171484,2
457,203607,1
457,235825,2
457,320517,2
457,402635,3
457,427825,1
457,453836,1
457,46145M,3
457,48203R,2
457,5F4325,1
457,64115T,1
457,703343,2
457,743606,1
457,824889,1
457,844741,1
457,87161C,1
457,87724P,1
457,880770,1
457,896945,1
457,92532F,1
457,J4881V,2
458,00287Y,2
458,02209S,3
458,110122,4
458,127097,2
458,14149Y,2
458,146229,1
458,177376,1
458,192422,1
458,192479,1
458,25754A,1
458,260003,1
458,265504,1
458,292218,1
458,31660B,2
458,316773,1
458,395259,2
458,405024,2
458,42824C,1
458,45765U,1
458,460690,2
458,46266C,1
458,462726,1
458,49446R,1
458,516806,1
458,525327,1
458,562750,2
458,58506Q,1
458,5F8291,2
458,62944T,1
458,639050,1
458,713448,1
458,723787,1
458,74460D,1
458,74733V,1
458,74758T,1
458,75508B,1
458,75605Y,1
458,758849,1
458,830566,1
458,83088M,1
458,87166B,1
458,872540,1
458,880779,1
458,93148P,1
458,95058W,1
458,G4740B,1
459,05508R,3
459,147528,1
459,168905,2
459,192446,1
459,237194,1
459,25179M,3
459,29089Q,1
459,31620R,9
459,33829M,1
459,37883W,1
459,3H3519,1
459,45780R,1
459,46145M,2
459,482480,2
459,49338L,1
459,501797,1
459,552953,1
459,576323,3
459,62914B,1
459,629377,3
459,671044,1
459,698813,1
459,700517,1
459,703395,1
459,750917,1
459,783859,1
459,81572I,1
459,89531P,1
459,90384S,1
459,90449I,1
459,904708,1
459,931142,2
460,00287Y,3
460,02376R,2
460,11135F,1
460,149123,1
460,21979R,1
460,253798,1
460,34964C,3
460,43300A,2
460,501044,1
460,50540R,1
460,74144T,1
460,81572I,1
460,844741,1
460,883203,1
460,90449I,1
460,911363,2
460,941848,1
460,963320,3
460,G66721,1
461,00724F,1
461,189054,1
461,24906P,2
461,265504,1
461,285512,1
461,552953,2
461,59156R,1
461,595112,1
461,680665,2
461,737446,1
461,74251V,1
461,743315,1
461,747525,2
461,81211K,1
461,844741,1
461,87165B,1
461,886547,1
461,91529Y,1
461,V7780T,1
462,91324P,1
508,5M5306,2
